{"cameraMode":{"drawMode":0,"name":"Shaded","section":"Shading Mode"},"sceneLighting":false,"audioPlay":false,"sceneViewState":{"m_AlwaysRefresh":false,"showFog":true,"showSkybox":false,"showFlares":true,"showImageEffects":true,"showParticleSystems":true,"showVisualEffectGraphs":true,"m_FxEnabled":true},"in2DMode":false,"pivot":{"x":0.2067602276802063,"y":1.3320008516311646,"z":6.489081382751465},"rotation":{"x":0.26834845542907717,"y":-0.10401502251625061,"z":0.02919107861816883,"w":0.9572975635528565},"size":1.1750431060791016,"orthographic":false}