{"cameraMode":{"drawMode":0,"name":"Shaded","section":"Shading Mode"},"sceneLighting":true,"audioPlay":false,"sceneViewState":{"m_AlwaysRefresh":false,"showFog":true,"showSkybox":true,"showFlares":true,"showImageEffects":true,"showParticleSystems":true,"showVisualEffectGraphs":true,"m_FxEnabled":true},"in2DMode":false,"pivot":{"x":1.3356621265411378,"y":2.091752052307129,"z":2.9164226055145265},"rotation":{"x":-0.03717157244682312,"y":-0.9284262657165527,"z":0.09672760218381882,"w":-0.35678714513778689},"size":5.574068546295166,"orthographic":true}