{"cameraMode":{"drawMode":0,"name":"Shaded","section":"Shading Mode"},"sceneLighting":true,"audioPlay":false,"sceneViewState":{"m_AlwaysRefresh":false,"showFog":true,"showSkybox":true,"showFlares":true,"showImageEffects":true,"showParticleSystems":true,"showVisualEffectGraphs":true,"m_FxEnabled":true},"in2DMode":false,"pivot":{"x":0.9609538316726685,"y":1.08720064163208,"z":-17.975650787353517},"rotation":{"x":-0.24793431162834168,"y":-0.0444510318338871,"z":0.011386679485440255,"w":-0.9677199125289917},"size":2.6492056846618654,"orthographic":false}