{"cameraMode":{"drawMode":0,"name":"Shaded","section":"Shading Mode"},"sceneLighting":true,"audioPlay":false,"sceneViewState":{"m_AlwaysRefresh":false,"showFog":true,"showSkybox":true,"showFlares":true,"showImageEffects":true,"showParticleSystems":true,"showVisualEffectGraphs":true,"m_FxEnabled":true},"in2DMode":false,"pivot":{"x":-2.1679999828338625,"y":1.3700000047683716,"z":-17.740001678466798},"rotation":{"x":-0.03002069890499115,"y":0.13660520315170289,"z":-0.004141731653362513,"w":-0.9901626110076904},"size":5.716687202453613,"orthographic":false}