{"cameraMode":{"drawMode":0,"name":"Shaded","section":"Shading Mode"},"sceneLighting":false,"audioPlay":false,"sceneViewState":{"m_AlwaysRefresh":false,"showFog":true,"showSkybox":false,"showFlares":true,"showImageEffects":true,"showParticleSystems":true,"showVisualEffectGraphs":true,"m_FxEnabled":true},"in2DMode":false,"pivot":{"x":0.19609808921813966,"y":3.7191824913024904,"z":1.7732610702514649},"rotation":{"x":-0.21561051905155183,"y":0.06551484763622284,"z":-0.014507499523460865,"w":-0.9742096662521362},"size":1.9913731813430787,"orthographic":false}